,Bank Name,City,State,Cert,Acquiring Institution,Closing Date,year
0,Almena State Bank,Almena,KS,15426,Equity Bank,2020-10-23,2020
1,First City Bank of Florida,Fort Walton Beach,FL,16748,"United Fidelity Bank, fsb",2020-10-16,2020
2,The First State Bank,Barboursville,WV,14361,"MVB Bank, Inc.",2020-04-03,2020
3,Ericson State Bank,Ericson,NE,18265,Farmers and Merchants Bank,2020-02-14,2020
4,City National Bank of New Jersey,Newark,NJ,21111,Industrial Bank,2019-11-01,2019
5,Resolute Bank,Maumee,OH,58317,Buckeye State Bank,2019-10-25,2019
6,Louisa Community Bank,Louisa,KY,58112,Kentucky Farmers Bank Corporation,2019-10-25,2019
7,The Enloe State Bank,Cooper,TX,10716,"Legend Bank, N. A.",2019-05-31,2019
8,Washington Federal Bank for Savings,Chicago,IL,30570,Royal Savings Bank,2017-12-15,2017
9,The Farmers and Merchants State Bank of Argonia,Argonia,KS,17719,Conway Bank,2017-10-13,2017
10,Fayette County Bank,Saint Elmo,IL,1802,"United Fidelity Bank, fsb",2017-05-26,2017
11,"Guaranty Bank, (d/b/a BestBank in Georgia & Michigan)",Milwaukee,WI,30003,First-Citizens Bank & Trust Company,2017-05-05,2017
12,First NBC Bank,New Orleans,LA,58302,Whitney Bank,2017-04-28,2017
13,Proficio Bank,Cottonwood Heights,UT,35495,Cache Valley Bank,2017-03-03,2017
14,Seaway Bank and Trust Company,Chicago,IL,19328,State Bank of Texas,2017-01-27,2017
15,Harvest Community Bank,Pennsville,NJ,34951,First-Citizens Bank & Trust Company,2017-01-13,2017
16,Allied Bank,Mulberry,AR,91,Today's Bank,2016-09-23,2016
17,The Woodbury Banking Company,Woodbury,GA,11297,United Bank,2016-08-19,2016
18,First CornerStone Bank,King of Prussia,PA,35312,First-Citizens Bank & Trust Company,2016-05-06,2016
19,Trust Company Bank,Memphis,TN,9956,The Bank of Fayette County,2016-04-29,2016
20,North Milwaukee State Bank,Milwaukee,WI,20364,First-Citizens Bank & Trust Company,2016-03-11,2016
21,Hometown National Bank,Longview,WA,35156,Twin City Bank,2015-10-02,2015
22,The Bank of Georgia,Peachtree City,GA,35259,Fidelity Bank,2015-10-02,2015
23,Premier Bank,Denver,CO,34112,"United Fidelity Bank, fsb",2015-07-10,2015
24,Edgebrook Bank,Chicago,IL,57772,Republic Bank of Chicago,2015-05-08,2015
25,Doral Bank  En Español,San Juan,PR,32102,Banco Popular de Puerto Rico,2015-02-27,2015
26,Capitol City Bank & Trust Company,Atlanta,GA,33938,First-Citizens Bank & Trust Company,2015-02-13,2015
27,Highland Community Bank,Chicago,IL,20290,"United Fidelity Bank, fsb",2015-01-23,2015
28,First National Bank of Crestview,Crestview,FL,17557,First NBC Bank,2015-01-16,2015
29,Northern Star Bank,Mankato,MN,34983,BankVista,2014-12-19,2014
30,"Frontier Bank, FSB D/B/A El Paseo Bank",Palm Desert,CA,34738,"Bank of Southern California, N.A.",2014-11-07,2014
31,The National Republic Bank of Chicago,Chicago,IL,916,State Bank of Texas,2014-10-24,2014
32,NBRS Financial,Rising Sun,MD,4862,Howard Bank,2014-10-17,2014
33,"GreenChoice Bank, fsb",Chicago,IL,28462,"Providence Bank, LLC",2014-07-25,2014
34,Eastside Commercial Bank,Conyers,GA,58125,Community & Southern Bank,2014-07-18,2014
35,The Freedom State Bank,Freedom,OK,12483,Alva State Bank & Trust Company,2014-06-27,2014
36,Valley Bank,Fort Lauderdale,FL,21793,"Landmark Bank, National Association",2014-06-20,2014
37,Valley Bank,Moline,IL,10450,Great Southern Bank,2014-06-20,2014
38,Slavie Federal Savings Bank,Bel Air,MD,32368,"Bay Bank, FSB",2014-05-30,2014
39,Columbia Savings Bank,Cincinnati,OH,32284,"United Fidelity Bank, fsb",2014-05-23,2014
40,AztecAmerica Bank En Español,Berwyn,IL,57866,Republic Bank of Chicago,2014-05-16,2014
41,Allendale County Bank,Fairfax,SC,15062,Palmetto State Bank,2014-04-25,2014
42,Vantage Point Bank,Horsham,PA,58531,First Choice Bank,2014-02-28,2014
43,"Millennium Bank, National Association",Sterling,VA,35096,WashingtonFirst Bank,2014-02-28,2014
44,Syringa Bank,Boise,ID,34296,Sunwest Bank,2014-01-31,2014
45,The Bank of Union,El Reno,OK,17967,BancFirst,2014-01-24,2014
46,DuPage National Bank,West Chicago,IL,5732,Republic Bank of Chicago,2014-01-17,2014
47,"Texas Community Bank, National Association",The Woodlands,TX,57431,"Spirit of Texas Bank, SSB",2013-12-13,2013
48,Bank of Jackson County,Graceville,FL,14794,First Federal Bank of Florida,2013-10-30,2013
49,First National Bank also operating as The National Bank of El  Paso  En Español,Edinburg,TX,14318,PlainsCapital Bank,2013-09-13,2013
50,The Community's Bank,Bridgeport,CT,57041,No Acquirer,2013-09-13,2013
51,Sunrise Bank of Arizona,Phoenix,AZ,34707,"First Fidelity Bank, National Association",2013-08-23,2013
52,Community South Bank,Parsons,TN,19849,"CB&S Bank, Inc.",2013-08-23,2013
53,Bank of Wausau,Wausau,WI,35016,Nicolet National Bank,2013-08-09,2013
54,First Community Bank of Southwest Florida (also operating as  Community Bank of Cape Coral),Fort Myers,FL,34943,C1 Bank,2013-08-02,2013
55,Mountain National Bank,Sevierville,TN,34789,"First Tennessee Bank, National Association",2013-06-07,2013
56,1st Commerce Bank,North Las Vegas,NV,58358,Plaza Bank,2013-06-06,2013
57,Banks of Wisconsin d/b/a Bank of Kenosha,Kenosha,WI,35386,"North Shore Bank, FSB",2013-05-31,2013
58,Central Arizona Bank,Scottsdale,AZ,34527,Western State Bank,2013-05-14,2013
59,Sunrise Bank,Valdosta,GA,58185,Synovus Bank,2013-05-10,2013
60,Pisgah Community Bank,Asheville,NC,58701,"Capital Bank, N.A.",2013-05-10,2013
61,Douglas County Bank,Douglasville,GA,21649,Hamilton State Bank,2013-04-26,2013
62,Parkway Bank,Lenoir,NC,57158,"CertusBank, National Association",2013-04-26,2013
63,Chipola Community Bank,Marianna,FL,58034,First Federal Bank of Florida,2013-04-19,2013
64,Heritage Bank of North Florida,Orange Park,FL,26680,FirstAtlantic Bank,2013-04-19,2013
65,First Federal Bank,Lexington,KY,29594,Your Community Bank,2013-04-19,2013
66,Gold Canyon Bank,Gold Canyon,AZ,58066,"First Scottsdale Bank, National Association",2013-04-05,2013
67,Frontier Bank,LaGrange,GA,16431,HeritageBank of the South,2013-03-08,2013
68,Covenant Bank,Chicago,IL,22476,Liberty Bank and Trust Company,2013-02-15,2013
69,1st Regents Bank,Andover,MN,57157,First Minnesota Bank,2013-01-18,2013
70,Westside Community Bank,University Place,WA,33997,Sunwest Bank,2013-01-11,2013
71,Community Bank of the Ozarks,Sunrise Beach,MO,27331,Bank of Sullivan,2012-12-14,2012
72,Hometown Community Bank,Braselton,GA,57928,"CertusBank, National Association",2012-11-16,2012
73,Citizens First National Bank,Princeton,IL,3731,Heartland Bank and Trust Company,2012-11-02,2012
74,Heritage Bank of Florida,Lutz,FL,35009,Centennial Bank,2012-11-02,2012
75,NOVA Bank,Berwyn,PA,27148,No Acquirer,2012-10-26,2012
76,Excel Bank,Sedalia,MO,19189,Simmons First National Bank,2012-10-19,2012
77,First East Side Savings Bank,Tamarac,FL,28144,Stearns Bank N.A.,2012-10-19,2012
78,GulfSouth Private Bank,Destin,FL,58073,SmartBank,2012-10-19,2012
79,First United Bank,Crete,IL,20685,"Old Plank Trail Community Bank, National Association",2012-09-28,2012
80,Truman Bank,St. Louis,MO,27316,Simmons First National Bank,2012-09-14,2012
81,First Commercial Bank,Bloomington,MN,35246,Republic Bank & Trust Company,2012-09-07,2012
82,Waukegan Savings Bank,Waukegan,IL,28243,First Midwest Bank,2012-08-03,2012
83,Jasper Banking Company,Jasper,GA,16240,Stearns Bank N.A.,2012-07-27,2012
84,Second Federal Savings and Loan Association of Chicago,Chicago,IL,27986,Hinsdale Bank & Trust Company,2012-07-20,2012
85,Heartland Bank,Leawood,KS,1361,Metcalf Bank,2012-07-20,2012
86,First Cherokee State Bank,Woodstock,GA,32711,Community & Southern Bank,2012-07-20,2012
87,Georgia Trust Bank,Buford,GA,57847,Community & Southern Bank,2012-07-20,2012
88,The Royal Palm Bank of Florida,Naples,FL,57096,First National Bank of the Gulf Coast,2012-07-20,2012
89,Glasgow Savings Bank,Glasgow,MO,1056,Regional Missouri Bank,2012-07-13,2012
90,Montgomery Bank & Trust,Ailey,GA,19498,Ameris Bank,2012-07-06,2012
91,The Farmers Bank of Lynchburg,Lynchburg,TN,1690,Clayton Bank and Trust,2012-06-15,2012
92,Security Exchange Bank,Marietta,GA,35299,Fidelity Bank,2012-06-15,2012
93,Putnam State Bank,Palatka,FL,27405,Harbor Community Bank,2012-06-15,2012
94,Waccamaw Bank,Whiteville,NC,34515,First Community Bank,2012-06-08,2012
95,Farmers' and Traders' State Bank,Shabbona,IL,9257,First State Bank,2012-06-08,2012
96,Carolina Federal Savings Bank,Charleston,SC,35372,Bank of North Carolina,2012-06-08,2012
97,First Capital Bank,Kingfisher,OK,416,F & M Bank,2012-06-08,2012
98,"Alabama Trust Bank, National Association",Sylacauga,AL,35224,Southern States Bank,2012-05-18,2012
99,"Security Bank, National Association",North Lauderdale,FL,23156,Banesco USA,2012-05-04,2012
100,Palm Desert National Bank,Palm Desert,CA,23632,Pacific Premier Bank,2012-04-27,2012
101,Plantation Federal Bank,Pawleys Island,SC,32503,First Federal Bank,2012-04-27,2012
102,"Inter Savings Bank, fsb D/B/A InterBank, fsb",Maple Grove,MN,31495,Great Southern Bank,2012-04-27,2012
103,HarVest Bank of Maryland,Gaithersburg,MD,57766,Sonabank,2012-04-27,2012
104,Bank of the Eastern Shore,Cambridge,MD,26759,No Acquirer,2012-04-27,2012
105,"Fort Lee Federal Savings Bank, FSB",Fort Lee,NJ,35527,Alma Bank,2012-04-20,2012
106,Fidelity Bank,Dearborn,MI,33883,The Huntington National Bank,2012-03-30,2012
107,Premier Bank,Wilmette,IL,35419,International Bank of Chicago,2012-03-23,2012
108,Covenant Bank & Trust,Rock Spring,GA,58068,"Stearns Bank, N.A.",2012-03-23,2012
109,New City Bank,Chicago,IL,57597,No Acquirer,2012-03-09,2012
110,Global Commerce Bank,Doraville,GA,34046,Metro City Bank,2012-03-02,2012
111,Home Savings of America,Little Falls,MN,29178,No Acquirer,2012-02-24,2012
112,Central Bank of Georgia,Ellaville,GA,5687,Ameris Bank,2012-02-24,2012
113,SCB Bank,Shelbyville,IN,29761,"First Merchants Bank, National Association",2012-02-10,2012
114,Charter National Bank and Trust,Hoffman Estates,IL,23187,"Barrington Bank & Trust Company, National Association",2012-02-10,2012
115,BankEast,Knoxville,TN,19869,"U.S. Bank, N.A.",2012-01-27,2012
116,Patriot Bank Minnesota,Forest Lake,MN,34823,First Resource Bank,2012-01-27,2012
117,Tennessee Commerce Bank,Franklin,TN,35296,Republic Bank & Trust Company,2012-01-27,2012
118,First Guaranty Bank and Trust Company of Jacksonville,Jacksonville,FL,16579,"CenterState Bank of Florida, N.A.",2012-01-27,2012
119,American Eagle Savings Bank,Boothwyn,PA,31581,"Capital Bank, N.A.",2012-01-20,2012
120,The First State Bank,Stockbridge,GA,19252,Hamilton State Bank,2012-01-20,2012
121,Central Florida State Bank,Belleview,FL,57186,"CenterState Bank of Florida, N.A.",2012-01-20,2012
122,Western National Bank,Phoenix,AZ,57917,Washington Federal,2011-12-16,2011
123,Premier Community Bank of the Emerald Coast,Crestview,FL,58343,Summit Bank,2011-12-16,2011
124,Central Progressive Bank,Lacombe,LA,19657,First NBC Bank,2011-11-18,2011
125,Polk County Bank,Johnston,IA,14194,Grinnell State Bank,2011-11-18,2011
126,Community Bank of Rockmart,Rockmart,GA,57860,Century Bank of Georgia,2011-11-10,2011
127,SunFirst Bank,Saint George,UT,57087,Cache Valley Bank,2011-11-04,2011
128,"Mid City Bank, Inc.",Omaha,NE,19397,Premier Bank,2011-11-04,2011
129,All American Bank,Des Plaines,IL,57759,International Bank of Chicago,2011-10-28,2011
130,Community Banks of Colorado,Greenwood Village,CO,21132,"Bank Midwest, N.A.",2011-10-21,2011
131,Community Capital Bank,Jonesboro,GA,57036,State Bank and Trust Company,2011-10-21,2011
132,Decatur First Bank,Decatur,GA,34392,Fidelity Bank,2011-10-21,2011
133,Old Harbor Bank,Clearwater,FL,57537,1st United Bank,2011-10-21,2011
134,Country Bank,Aledo,IL,35395,Blackhawk Bank & Trust,2011-10-14,2011
135,First State Bank,Cranford,NJ,58046,Northfield Bank,2011-10-14,2011
136,"Blue Ridge Savings Bank, Inc.",Asheville,NC,32347,Bank of North Carolina,2011-10-14,2011
137,Piedmont Community Bank,Gray,GA,57256,State Bank and Trust Company,2011-10-14,2011
138,Sun Security Bank,Ellington,MO,20115,Great Southern Bank,2011-10-07,2011
139,The RiverBank,Wyoming,MN,10216,Central Bank,2011-10-07,2011
140,First International Bank,Plano,TX,33513,American First National Bank,2011-09-30,2011
141,Citizens Bank of Northern California,Nevada City,CA,33983,Tri Counties Bank,2011-09-23,2011
142,Bank of the Commonwealth,Norfolk,VA,20408,Southern Bank and Trust Company,2011-09-23,2011
143,The First National Bank of Florida,Milton,FL,25155,CharterBank,2011-09-09,2011
144,CreekSide Bank,Woodstock,GA,58226,Georgia Commerce Bank,2011-09-02,2011
145,Patriot Bank of Georgia,Cumming,GA,58273,Georgia Commerce Bank,2011-09-02,2011
146,First Choice Bank,Geneva,IL,57212,Inland Bank & Trust,2011-08-19,2011
147,First Southern National Bank,Statesboro,GA,57239,Heritage Bank of the South,2011-08-19,2011
148,Lydian Private Bank,Palm Beach,FL,35356,"Sabadell United Bank, N.A.",2011-08-19,2011
149,Public Savings Bank,Huntingdon Valley,PA,34130,"Capital Bank, N.A.",2011-08-18,2011
150,The First National Bank of Olathe,Olathe,KS,4744,Enterprise Bank & Trust,2011-08-12,2011
151,Bank of Whitman,Colfax,WA,22528,Columbia State Bank,2011-08-05,2011
152,Bank of Shorewood,Shorewood,IL,22637,Heartland Bank and Trust Company,2011-08-05,2011
153,Integra Bank National Association,Evansville,IN,4392,Old National Bank,2011-07-29,2011
154,"BankMeridian, N.A.",Columbia,SC,58222,SCBT National Association,2011-07-29,2011
155,Virginia Business Bank,Richmond,VA,58283,Xenith Bank,2011-07-29,2011
156,Bank of Choice,Greeley,CO,2994,"Bank Midwest, N.A.",2011-07-22,2011
157,LandMark Bank of Florida,Sarasota,FL,35244,American Momentum Bank,2011-07-22,2011
158,Southshore Community Bank,Apollo Beach,FL,58056,American Momentum Bank,2011-07-22,2011
159,Summit Bank,Prescott,AZ,57442,The Foothills Bank,2011-07-15,2011
160,First Peoples Bank,Port St. Lucie,FL,34870,"Premier American Bank, N.A.",2011-07-15,2011
161,High Trust Bank,Stockbridge,GA,19554,Ameris Bank,2011-07-15,2011
162,One Georgia Bank,Atlanta,GA,58238,Ameris Bank,2011-07-15,2011
163,Signature Bank,Windsor,CO,57835,Points West Community Bank,2011-07-08,2011
164,Colorado Capital Bank,Castle Rock,CO,34522,First-Citizens Bank & Trust Company,2011-07-08,2011
165,First Chicago Bank & Trust,Chicago,IL,27935,Northbrook Bank & Trust Company,2011-07-08,2011
166,Mountain Heritage Bank,Clayton,GA,57593,First American Bank and Trust Company,2011-06-24,2011
167,First Commercial Bank of Tampa Bay,Tampa,FL,27583,Stonegate Bank,2011-06-17,2011
168,McIntosh State Bank,Jackson,GA,19237,Hamilton State Bank,2011-06-17,2011
169,Atlantic Bank and Trust,Charleston,SC,58420,"First Citizens Bank and Trust Company, Inc.",2011-06-03,2011
170,First Heritage Bank,Snohomish,WA,23626,Columbia State Bank,2011-05-27,2011
171,Summit Bank,Burlington,WA,513,Columbia State Bank,2011-05-20,2011
172,First Georgia Banking Company,Franklin,GA,57647,"CertusBank, National Association",2011-05-20,2011
173,Atlantic Southern Bank,Macon,GA,57213,"CertusBank, National Association",2011-05-20,2011
174,Coastal Bank,Cocoa Beach,FL,34898,"Florida Community Bank, a division of Premier American Bank,  N.A.",2011-05-06,2011
175,Community Central Bank,Mount Clemens,MI,34234,Talmer Bank & Trust,2011-04-29,2011
176,The Park Avenue Bank,Valdosta,GA,19797,Bank of the Ozarks,2011-04-29,2011
177,First Choice Community Bank,Dallas,GA,58539,Bank of the Ozarks,2011-04-29,2011
178,Cortez Community Bank,Brooksville,FL,57625,"Florida Community Bank, a division of Premier American Bank,  N.A.",2011-04-29,2011
179,First National Bank of Central Florida,Winter Park,FL,26297,"Florida Community Bank, a division of Premier American Bank,  N.A.",2011-04-29,2011
180,Heritage Banking Group,Carthage,MS,14273,Trustmark National Bank,2011-04-15,2011
181,Rosemount National Bank,Rosemount,MN,24099,Central Bank,2011-04-15,2011
182,Superior Bank,Birmingham,AL,17750,"Superior Bank, National Association",2011-04-15,2011
183,Nexity Bank,Birmingham,AL,19794,AloStar Bank of Commerce,2011-04-15,2011
184,New Horizons Bank,East Ellijay,GA,57705,Citizens South Bank,2011-04-15,2011
185,Bartow County Bank,Cartersville,GA,21495,Hamilton State Bank,2011-04-15,2011
186,Nevada Commerce Bank,Las Vegas,NV,35418,City National Bank,2011-04-08,2011
187,Western Springs National Bank and Trust,Western Springs,IL,10086,Heartland Bank and Trust Company,2011-04-08,2011
188,The Bank of Commerce,Wood Dale,IL,34292,Advantage National Bank Group,2011-03-25,2011
189,Legacy Bank,Milwaukee,WI,34818,Seaway Bank and Trust Company,2011-03-11,2011
190,First National Bank of Davis,Davis,OK,4077,The Pauls Valley National Bank,2011-03-11,2011
191,Valley Community Bank,St. Charles,IL,34187,First State Bank,2011-02-25,2011
192,"San Luis Trust Bank, FSB",San Luis Obispo,CA,34783,First California Bank,2011-02-18,2011
193,Charter Oak Bank,Napa,CA,57855,Bank of Marin,2011-02-18,2011
194,Citizens Bank of Effingham,Springfield,GA,34601,Heritage Bank of the South,2011-02-18,2011
195,Habersham Bank,Clarkesville,GA,151,SCBT National Association,2011-02-18,2011
196,Canyon National Bank,Palm Springs,CA,34692,Pacific Premier Bank,2011-02-11,2011
197,Badger State Bank,Cassville,WI,13272,Royal Bank,2011-02-11,2011
198,Peoples State Bank,Hamtramck,MI,14939,First Michigan Bank,2011-02-11,2011
199,Sunshine State Community Bank,Port Orange,FL,35478,"Premier American Bank, N.A.",2011-02-11,2011
200,Community First Bank Chicago,Chicago,IL,57948,Northbrook Bank & Trust Company,2011-02-04,2011
201,North Georgia Bank,Watkinsville,GA,35242,BankSouth,2011-02-04,2011
202,American Trust Bank,Roswell,GA,57432,Renasant Bank,2011-02-04,2011
203,First Community Bank,Taos,NM,12261,"U.S. Bank, N.A.",2011-01-28,2011
204,FirsTier Bank,Louisville,CO,57646,No Acquirer,2011-01-28,2011
205,Evergreen State Bank,Stoughton,WI,5328,McFarland State Bank,2011-01-28,2011
206,The First State Bank,Camargo,OK,2303,Bank 7,2011-01-28,2011
207,United Western Bank,Denver,CO,31293,First-Citizens Bank & Trust Company,2011-01-21,2011
208,The Bank of Asheville,Asheville,NC,34516,First Bank,2011-01-21,2011
209,CommunitySouth Bank & Trust,Easley,SC,57868,"CertusBank, National Association",2011-01-21,2011
210,Enterprise Banking Company,McDonough,GA,19758,No Acquirer,2011-01-21,2011
211,Oglethorpe Bank,Brunswick,GA,57440,Bank of the Ozarks,2011-01-14,2011
212,Legacy Bank,Scottsdale,AZ,57820,Enterprise Bank & Trust,2011-01-07,2011
213,First Commercial Bank of Florida,Orlando,FL,34965,First Southern Bank,2011-01-07,2011
214,Community National Bank,Lino Lakes,MN,23306,Farmers & Merchants Savings Bank,2010-12-17,2010
215,First Southern Bank,Batesville,AR,58052,Southern Bank,2010-12-17,2010
216,"United Americas Bank, N.A.",Atlanta,GA,35065,State Bank and Trust Company,2010-12-17,2010
217,"Appalachian Community Bank, FSB",McCaysville,GA,58495,Peoples Bank of East Tennessee,2010-12-17,2010
218,Chestatee State Bank,Dawsonville,GA,34578,Bank of the Ozarks,2010-12-17,2010
219,"The Bank of Miami,N.A.",Coral Gables,FL,19040,1st United Bank,2010-12-17,2010
220,Earthstar Bank,Southampton,PA,35561,Polonia Bank,2010-12-10,2010
221,Paramount Bank,Farmington Hills,MI,34673,Level One Bank,2010-12-10,2010
222,First Banking Center,Burlington,WI,5287,First Michigan Bank,2010-11-19,2010
223,Allegiance Bank of North America,Bala Cynwyd,PA,35078,VIST Bank,2010-11-19,2010
224,Gulf State Community Bank,Carrabelle,FL,20340,Centennial Bank,2010-11-19,2010
225,Copper Star Bank,Scottsdale,AZ,35463,"Stearns Bank, N.A.",2010-11-12,2010
226,Darby Bank & Trust Co.,Vidalia,GA,14580,Ameris Bank,2010-11-12,2010
227,Tifton Banking Company,Tifton,GA,57831,Ameris Bank,2010-11-12,2010
228,First Vietnamese American Bank,Westminster,CA,57885,Grandpoint Bank,2010-11-05,2010
229,Pierce Commercial Bank,Tacoma,WA,34411,Heritage Bank,2010-11-05,2010
230,Western Commercial Bank,Woodland Hills,CA,58087,First California Bank,2010-11-05,2010
231,K Bank,Randallstown,MD,31263,Manufacturers and Traders Trust Company (M&T Bank),2010-11-05,2010
232,"First Arizona Savings, A FSB",Scottsdale,AZ,32582,No Acquirer,2010-10-22,2010
233,Hillcrest Bank,Overland Park,KS,22173,"Hillcrest Bank, N.A.",2010-10-22,2010
234,First Suburban National Bank,Maywood,IL,16089,Seaway Bank and Trust Company,2010-10-22,2010
235,The First National Bank of Barnesville,Barnesville,GA,2119,United Bank,2010-10-22,2010
236,The Gordon Bank,Gordon,GA,33904,Morris Bank,2010-10-22,2010
237,Progress Bank of Florida,Tampa,FL,32251,Bay Cities Bank,2010-10-22,2010
238,First Bank of Jacksonville,Jacksonville,FL,27573,Ameris Bank,2010-10-22,2010
239,Premier Bank,Jefferson City,MO,34016,Providence Bank,2010-10-15,2010
240,WestBridge Bank and Trust Company,Chesterfield,MO,58205,Midland States Bank,2010-10-15,2010
241,"Security Savings Bank, F.S.B.",Olathe,KS,30898,Simmons First National Bank,2010-10-15,2010
242,Shoreline Bank,Shoreline,WA,35250,GBC International Bank,2010-10-01,2010
243,Wakulla Bank,Crawfordville,FL,21777,Centennial Bank,2010-10-01,2010
244,North County Bank,Arlington,WA,35053,Whidbey Island Bank,2010-09-24,2010
245,Haven Trust Bank Florida,Ponte Vedra Beach,FL,58308,First Southern Bank,2010-09-24,2010
246,Maritime Savings Bank,West Allis,WI,28612,"North Shore Bank, FSB",2010-09-17,2010
247,Bramble Savings Bank,Milford,OH,27808,Foundation Bank,2010-09-17,2010
248,The Peoples Bank,Winder,GA,182,Community & Southern Bank,2010-09-17,2010
249,First Commerce Community Bank,Douglasville,GA,57448,Community & Southern Bank,2010-09-17,2010
250,Bank of Ellijay,Ellijay,GA,58197,Community & Southern Bank,2010-09-17,2010
251,ISN Bank,Cherry Hill,NJ,57107,Customers Bank,2010-09-17,2010
252,Horizon Bank,Bradenton,FL,35061,Bank of the Ozarks,2010-09-10,2010
253,Sonoma Valley Bank,Sonoma,CA,27259,Westamerica Bank,2010-08-20,2010
254,Los Padres Bank,Solvang,CA,32165,Pacific Western Bank,2010-08-20,2010
255,Butte Community Bank,Chico,CA,33219,"Rabobank, N.A.",2010-08-20,2010
256,Pacific State Bank,Stockton,CA,27090,"Rabobank, N.A.",2010-08-20,2010
257,ShoreBank,Chicago,IL,15640,Urban Partnership Bank,2010-08-20,2010
258,Imperial Savings and Loan Association,Martinsville,VA,31623,"River Community Bank, N.A.",2010-08-20,2010
259,Independent National Bank,Ocala,FL,27344,"CenterState Bank of Florida, N.A.",2010-08-20,2010
260,Community National Bank at Bartow,Bartow,FL,25266,"CenterState Bank of Florida, N.A.",2010-08-20,2010
261,Palos Bank and Trust Company,Palos Heights,IL,17599,First Midwest Bank,2010-08-13,2010
262,Ravenswood Bank,Chicago,IL,34231,Northbrook Bank & Trust Company,2010-08-06,2010
263,LibertyBank,Eugene,OR,31964,Home Federal Bank,2010-07-30,2010
264,The Cowlitz Bank,Longview,WA,22643,Heritage Bank,2010-07-30,2010
265,Coastal Community Bank,Panama City Beach,FL,9619,Centennial Bank,2010-07-30,2010
266,Bayside Savings Bank,Port Saint Joe,FL,57669,Centennial Bank,2010-07-30,2010
267,Northwest Bank & Trust,Acworth,GA,57658,State Bank and Trust Company,2010-07-30,2010
268,Home Valley Bank,Cave Junction,OR,23181,South Valley Bank & Trust,2010-07-23,2010
269,SouthwestUSA Bank,Las Vegas,NV,35434,Plaza Bank,2010-07-23,2010
270,Community Security Bank,New Prague,MN,34486,Roundbank,2010-07-23,2010
271,Thunder Bank,Sylvan Grove,KS,10506,The Bennington State Bank,2010-07-23,2010
272,Williamsburg First National Bank,Kingstree,SC,17837,"First Citizens Bank and Trust Company, Inc.",2010-07-23,2010
273,Crescent Bank and Trust Company,Jasper,GA,27559,Renasant Bank,2010-07-23,2010
274,Sterling Bank,Lantana,FL,32536,IBERIABANK,2010-07-23,2010
275,"Mainstreet Savings Bank, FSB",Hastings,MI,28136,Commercial Bank,2010-07-16,2010
276,Olde Cypress Community Bank,Clewiston,FL,28864,"CenterState Bank of Florida, N.A.",2010-07-16,2010
277,Turnberry Bank,Aventura,FL,32280,NAFH National Bank,2010-07-16,2010
278,Metro Bank of Dade County,Miami,FL,25172,NAFH National Bank,2010-07-16,2010
279,First National Bank of the South,Spartanburg,SC,35383,NAFH National Bank,2010-07-16,2010
280,Woodlands Bank,Bluffton,SC,32571,Bank of the Ozarks,2010-07-16,2010
281,Home National Bank,Blackwell,OK,11636,RCB Bank,2010-07-09,2010
282,USA Bank,Port Chester,NY,58072,New Century Bank,2010-07-09,2010
283,Ideal Federal Savings Bank,Baltimore,MD,32456,No Acquirer,2010-07-09,2010
284,Bay National Bank,Baltimore,MD,35462,"Bay Bank, FSB",2010-07-09,2010
285,High Desert State Bank,Albuquerque,NM,35279,First American Bank,2010-06-25,2010
286,First National Bank,Savannah,GA,34152,"The Savannah Bank, N.A.",2010-06-25,2010
287,Peninsula Bank,Englewood,FL,26563,"Premier American Bank, N.A.",2010-06-25,2010
288,Nevada Security Bank,Reno,NV,57110,Umpqua Bank,2010-06-18,2010
289,Washington First International Bank,Seattle,WA,32955,East West Bank,2010-06-11,2010
290,TierOne Bank,Lincoln,NE,29341,Great Western Bank,2010-06-04,2010
291,Arcola Homestead Savings Bank,Arcola,IL,31813,No Acquirer,2010-06-04,2010
292,First National Bank,Rosedale,MS,15814,The Jefferson Bank,2010-06-04,2010
293,Sun West Bank,Las Vegas,NV,34785,City National Bank,2010-05-28,2010
294,"Granite Community Bank, NA",Granite Bay,CA,57315,Tri Counties Bank,2010-05-28,2010
295,Bank of Florida - Tampa,Tampa,FL,57814,EverBank,2010-05-28,2010
296,Bank of Florida - Southwest,Naples,FL,35106,EverBank,2010-05-28,2010
297,Bank of Florida - Southeast,Fort Lauderdale,FL,57360,EverBank,2010-05-28,2010
298,Pinehurst Bank,Saint Paul,MN,57735,Coulee Bank,2010-05-21,2010
299,Midwest Bank and Trust Company,Elmwood Park,IL,18117,"FirstMerit Bank, N.A.",2010-05-14,2010
300,Southwest Community Bank,Springfield,MO,34255,Simmons First National Bank,2010-05-14,2010
301,New Liberty Bank,Plymouth,MI,35586,Bank of Ann Arbor,2010-05-14,2010
302,Satilla Community Bank,Saint Marys,GA,35114,Ameris Bank,2010-05-14,2010
303,1st Pacific Bank of California,San Diego,CA,35517,City National Bank,2010-05-07,2010
304,Towne Bank of Arizona,Mesa,AZ,57697,Commerce Bank of Arizona,2010-05-07,2010
305,Access Bank,Champlin,MN,16476,PrinsBank,2010-05-07,2010
306,The Bank of Bonifay,Bonifay,FL,14246,First Federal Bank of Florida,2010-05-07,2010
307,Frontier Bank,Everett,WA,22710,"Union Bank, N.A.",2010-04-30,2010
308,BC National Banks,Butler,MO,17792,Community First Bank,2010-04-30,2010
309,Champion Bank,Creve Coeur,MO,58362,BankLiberty,2010-04-30,2010
310,CF Bancorp,Port Huron,MI,30005,First Michigan Bank,2010-04-30,2010
311,Westernbank Puerto Rico  En Español,Mayaguez,PR,31027,Banco Popular de Puerto Rico,2010-04-30,2010
312,R-G Premier Bank of Puerto Rico  En Español,Hato Rey,PR,32185,Scotiabank de Puerto Rico,2010-04-30,2010
313,Eurobank  En Español,San Juan,PR,27150,Oriental Bank and Trust,2010-04-30,2010
314,Wheatland Bank,Naperville,IL,58429,Wheaton Bank & Trust,2010-04-23,2010
315,Peotone Bank and Trust Company,Peotone,IL,10888,First Midwest Bank,2010-04-23,2010
316,Lincoln Park Savings Bank,Chicago,IL,30600,Northbrook Bank & Trust Company,2010-04-23,2010
317,New Century Bank,Chicago,IL,34821,"MB Financial Bank, N.A.",2010-04-23,2010
318,Citizens Bank and Trust Company of Chicago,Chicago,IL,34658,Republic Bank of Chicago,2010-04-23,2010
319,Broadway Bank,Chicago,IL,22853,"MB Financial Bank, N.A.",2010-04-23,2010
320,"Amcore Bank, National Association",Rockford,IL,3735,Harris N.A.,2010-04-23,2010
321,City Bank,Lynnwood,WA,21521,Whidbey Island Bank,2010-04-16,2010
322,Tamalpais Bank,San Rafael,CA,33493,"Union Bank, N.A.",2010-04-16,2010
323,Innovative Bank,Oakland,CA,23876,Center Bank,2010-04-16,2010
324,Butler Bank,Lowell,MA,26619,People's United Bank,2010-04-16,2010
325,Riverside National Bank of Florida,Fort Pierce,FL,24067,"TD Bank, N.A.",2010-04-16,2010
326,AmericanFirst Bank,Clermont,FL,57724,"TD Bank, N.A.",2010-04-16,2010
327,First Federal Bank of North Florida,Palatka,FL,28886,"TD Bank, N.A.",2010-04-16,2010
328,Lakeside Community Bank,Sterling Heights,MI,34878,No Acquirer,2010-04-16,2010
329,Beach First National Bank,Myrtle Beach,SC,34242,Bank of North Carolina,2010-04-09,2010
330,Desert Hills Bank,Phoenix,AZ,57060,New York Community Bank,2010-03-26,2010
331,Unity National Bank,Cartersville,GA,34678,Bank of the Ozarks,2010-03-26,2010
332,Key West Bank,Key West,FL,34684,Centennial Bank,2010-03-26,2010
333,McIntosh Commercial Bank,Carrollton,GA,57399,CharterBank,2010-03-26,2010
334,State Bank of Aurora,Aurora,MN,8221,Northern State Bank,2010-03-19,2010
335,First Lowndes Bank,Fort Deposit,AL,24957,First Citizens Bank,2010-03-19,2010
336,Bank of Hiawassee,Hiawassee,GA,10054,Citizens South Bank,2010-03-19,2010
337,Appalachian Community Bank,Ellijay,GA,33989,Community & Southern Bank,2010-03-19,2010
338,Advanta Bank Corp.,Draper,UT,33535,No Acquirer,2010-03-19,2010
339,Century Security Bank,Duluth,GA,58104,Bank of Upson,2010-03-19,2010
340,American National Bank,Parma,OH,18806,The National Bank and Trust Company,2010-03-19,2010
341,Statewide Bank,Covington,LA,29561,Home Bank,2010-03-12,2010
342,Old Southern Bank,Orlando,FL,58182,Centennial Bank,2010-03-12,2010
343,The Park Avenue Bank,New York,NY,27096,Valley National Bank,2010-03-12,2010
344,LibertyPointe Bank,New York,NY,58071,Valley National Bank,2010-03-11,2010
345,Centennial Bank,Ogden,UT,34430,No Acquirer,2010-03-05,2010
346,Waterfield Bank,Germantown,MD,34976,No Acquirer,2010-03-05,2010
347,Bank of Illinois,Normal,IL,9268,Heartland Bank and Trust Company,2010-03-05,2010
348,Sun American Bank,Boca Raton,FL,27126,First-Citizens Bank & Trust Company,2010-03-05,2010
349,Rainier Pacific Bank,Tacoma,WA,38129,Umpqua Bank,2010-02-26,2010
350,Carson River Community Bank,Carson City,NV,58352,Heritage Bank of Nevada,2010-02-26,2010
351,"La Jolla Bank, FSB",La Jolla,CA,32423,"OneWest Bank, FSB",2010-02-19,2010
352,George Washington Savings Bank,Orland Park,IL,29952,"FirstMerit Bank, N.A.",2010-02-19,2010
353,The La Coste National Bank,La Coste,TX,3287,Community National Bank,2010-02-19,2010
354,Marco Community Bank,Marco Island,FL,57586,Mutual of Omaha Bank,2010-02-19,2010
355,1st American State Bank of Minnesota,Hancock,MN,15448,"Community Development Bank, FSB",2010-02-05,2010
356,American Marine Bank,Bainbridge Island,WA,16730,Columbia State Bank,2010-01-29,2010
357,First Regional Bank,Los Angeles,CA,23011,First-Citizens Bank & Trust Company,2010-01-29,2010
358,Community Bank and Trust,Cornelia,GA,5702,SCBT National Association,2010-01-29,2010
359,"Marshall Bank, N.A.",Hallock,MN,16133,United Valley Bank,2010-01-29,2010
360,Florida Community Bank,Immokalee,FL,5672,"Premier American Bank, N.A.",2010-01-29,2010
361,First National Bank of Georgia,Carrollton,GA,16480,Community & Southern Bank,2010-01-29,2010
362,Columbia River Bank,The Dalles,OR,22469,Columbia State Bank,2010-01-22,2010
363,Evergreen Bank,Seattle,WA,20501,Umpqua Bank,2010-01-22,2010
364,Charter Bank,Santa Fe,NM,32498,Charter Bank,2010-01-22,2010
365,Bank of Leeton,Leeton,MO,8265,"Sunflower Bank, N.A.",2010-01-22,2010
366,Premier American Bank,Miami,FL,57147,"Premier American Bank, N.A.",2010-01-22,2010
367,Barnes Banking Company,Kaysville,UT,1252,No Acquirer,2010-01-15,2010
368,St. Stephen State Bank,St. Stephen,MN,17522,First State Bank of St. Joseph,2010-01-15,2010
369,Town Community Bank & Trust,Antioch,IL,34705,First American Bank,2010-01-15,2010
370,Horizon Bank,Bellingham,WA,22977,Washington Federal Savings and Loan Association,2010-01-08,2010
371,"First Federal Bank of California, F.S.B.",Santa Monica,CA,28536,"OneWest Bank, FSB",2009-12-18,2009
372,Imperial Capital Bank,La Jolla,CA,26348,City National Bank,2009-12-18,2009
373,Independent Bankers' Bank,Springfield,IL,26820,The Independent BankersBank (TIB),2009-12-18,2009
374,New South Federal Savings Bank,Irondale,AL,32276,Beal Bank,2009-12-18,2009
375,Citizens State Bank,New Baltimore,MI,1006,No Acquirer,2009-12-18,2009
376,Peoples First Community Bank,Panama City,FL,32167,Hancock Bank,2009-12-18,2009
377,RockBridge Commercial Bank,Atlanta,GA,58315,No Acquirer,2009-12-18,2009
378,SolutionsBank,Overland Park,KS,4731,Arvest Bank,2009-12-11,2009
379,"Valley Capital Bank, N.A.",Mesa,AZ,58399,Enterprise Bank & Trust,2009-12-11,2009
380,"Republic Federal Bank, N.A.",Miami,FL,22846,1st United Bank,2009-12-11,2009
381,Greater Atlantic Bank,Reston,VA,32583,Sonabank,2009-12-04,2009
382,Benchmark Bank,Aurora,IL,10440,"MB Financial Bank, N.A.",2009-12-04,2009
383,AmTrust Bank,Cleveland,OH,29776,New York Community Bank,2009-12-04,2009
384,The Tattnall Bank,Reidsville,GA,12080,Heritage Bank of the South,2009-12-04,2009
385,First Security National Bank,Norcross,GA,26290,State Bank and Trust Company,2009-12-04,2009
386,The Buckhead Community Bank,Atlanta,GA,34663,State Bank and Trust Company,2009-12-04,2009
387,Commerce Bank of Southwest Florida,Fort Myers,FL,58016,Central Bank,2009-11-20,2009
388,Pacific Coast National Bank,San Clemente,CA,57914,Sunwest Bank,2009-11-13,2009
389,Orion Bank,Naples,FL,22427,IBERIABANK,2009-11-13,2009
390,"Century Bank, F.S.B.",Sarasota,FL,32267,IBERIABANK,2009-11-13,2009
391,United Commercial Bank,San Francisco,CA,32469,East West Bank,2009-11-06,2009
392,Gateway Bank of St. Louis,St. Louis,MO,19450,Central Bank of Kansas City,2009-11-06,2009
393,Prosperan Bank,Oakdale,MN,35074,"Alerus Financial, N.A.",2009-11-06,2009
394,Home Federal Savings Bank,Detroit,MI,30329,Liberty Bank and Trust Company,2009-11-06,2009
395,United Security Bank,Sparta,GA,22286,Ameris Bank,2009-11-06,2009
396,North Houston Bank,Houston,TX,18776,U.S. Bank N.A.,2009-10-30,2009
397,Madisonville State Bank,Madisonville,TX,33782,U.S. Bank N.A.,2009-10-30,2009
398,Citizens National Bank,Teague,TX,25222,U.S. Bank N.A.,2009-10-30,2009
399,Park National Bank,Chicago,IL,11677,U.S. Bank N.A.,2009-10-30,2009
400,Pacific National Bank,San Francisco,CA,30006,U.S. Bank N.A.,2009-10-30,2009
401,California National Bank,Los Angeles,CA,34659,U.S. Bank N.A.,2009-10-30,2009
402,San Diego National Bank,San Diego,CA,23594,U.S. Bank N.A.,2009-10-30,2009
403,Community Bank of Lemont,Lemont,IL,35291,U.S. Bank N.A.,2009-10-30,2009
404,"Bank USA, N.A.",Phoenix,AZ,32218,U.S. Bank N.A.,2009-10-30,2009
405,First DuPage Bank,Westmont,IL,35038,First Midwest Bank,2009-10-23,2009
406,Riverview Community Bank,Otsego,MN,57525,Central Bank,2009-10-23,2009
407,Bank of Elmwood,Racine,WI,18321,Tri City National Bank,2009-10-23,2009
408,Flagship National Bank,Bradenton,FL,35044,First Federal Bank of Florida,2009-10-23,2009
409,Hillcrest Bank Florida,Naples,FL,58336,Stonegate Bank,2009-10-23,2009
410,American United Bank,Lawrenceville,GA,57794,Ameris Bank,2009-10-23,2009
411,Partners Bank,Naples,FL,57959,Stonegate Bank,2009-10-23,2009
412,San Joaquin Bank,Bakersfield,CA,23266,Citizens Business Bank,2009-10-16,2009
413,Southern Colorado National Bank,Pueblo,CO,57263,Legacy Bank,2009-10-02,2009
414,Jennings State Bank,Spring Grove,MN,11416,Central Bank,2009-10-02,2009
415,Warren Bank,Warren,MI,34824,The Huntington National Bank,2009-10-02,2009
416,Georgian Bank,Atlanta,GA,57151,"First Citizens Bank and Trust Company, Inc.",2009-09-25,2009
417,"Irwin Union Bank, F.S.B.",Louisville,KY,57068,"First Financial Bank, N.A.",2009-09-18,2009
418,Irwin Union Bank and Trust Company,Columbus,IN,10100,"First Financial Bank, N.A.",2009-09-18,2009
419,Venture Bank,Lacey,WA,22868,First-Citizens Bank & Trust Company,2009-09-11,2009
420,Brickwell Community Bank,Woodbury,MN,57736,CorTrust Bank N.A.,2009-09-11,2009
421,"Corus Bank, N.A.",Chicago,IL,13693,"MB Financial Bank, N.A.",2009-09-11,2009
422,First State Bank,Flagstaff,AZ,34875,Sunwest Bank,2009-09-04,2009
423,Platinum Community Bank,Rolling Meadows,IL,35030,No Acquirer,2009-09-04,2009
424,Vantus Bank,Sioux City,IA,27732,Great Southern Bank,2009-09-04,2009
425,InBank,Oak Forest,IL,20203,"MB Financial Bank, N.A.",2009-09-04,2009
426,First Bank of Kansas City,Kansas City,MO,25231,Great American Bank,2009-09-04,2009
427,Affinity Bank,Ventura,CA,27197,Pacific Western Bank,2009-08-28,2009
428,Mainstreet Bank,Forest Lake,MN,1909,Central Bank,2009-08-28,2009
429,Bradford Bank,Baltimore,MD,28312,Manufacturers and Traders Trust Company (M&T Bank),2009-08-28,2009
430,Guaranty Bank,Austin,TX,32618,BBVA Compass,2009-08-21,2009
431,CapitalSouth Bank,Birmingham,AL,22130,IBERIABANK,2009-08-21,2009
432,First Coweta Bank,Newnan,GA,57702,United Bank,2009-08-21,2009
433,ebank,Atlanta,GA,34682,"Stearns Bank, N.A.",2009-08-21,2009
434,Community Bank of Nevada,Las Vegas,NV,34043,No Acquirer,2009-08-14,2009
435,Community Bank of Arizona,Phoenix,AZ,57645,MidFirst Bank,2009-08-14,2009
436,"Union Bank, National Association",Gilbert,AZ,34485,MidFirst Bank,2009-08-14,2009
437,Colonial Bank,Montgomery,AL,9609,"Branch Banking & Trust Company, (BB&T)",2009-08-14,2009
438,Dwelling House Savings and Loan Association,Pittsburgh,PA,31559,"PNC Bank, N.A.",2009-08-14,2009
439,Community First Bank,Prineville,OR,23268,Home Federal Bank,2009-08-07,2009
440,Community National Bank of Sarasota County,Venice,FL,27183,"Stearns Bank, N.A.",2009-08-07,2009
441,First State Bank,Sarasota,FL,27364,"Stearns Bank, N.A.",2009-08-07,2009
442,Mutual Bank,Harvey,IL,18659,United Central Bank,2009-07-31,2009
443,First BankAmericano,Elizabeth,NJ,34270,Crown Bank,2009-07-31,2009
444,Peoples Community Bank,West Chester,OH,32288,"First Financial Bank, N.A.",2009-07-31,2009
445,Integrity Bank,Jupiter,FL,57604,Stonegate Bank,2009-07-31,2009
446,First State Bank of Altus,Altus,OK,9873,Herring Bank,2009-07-31,2009
447,Security Bank of Jones County,Gray,GA,8486,State Bank and Trust Company,2009-07-24,2009
448,Security Bank of Houston County,Perry,GA,27048,State Bank and Trust Company,2009-07-24,2009
449,Security Bank of Bibb County,Macon,GA,27367,State Bank and Trust Company,2009-07-24,2009
450,Security Bank of North Metro,Woodstock,GA,57105,State Bank and Trust Company,2009-07-24,2009
451,Security Bank of North Fulton,Alpharetta,GA,57430,State Bank and Trust Company,2009-07-24,2009
452,Security Bank of Gwinnett County,Suwanee,GA,57346,State Bank and Trust Company,2009-07-24,2009
453,Waterford Village Bank,Williamsville,NY,58065,"Evans Bank, N.A.",2009-07-24,2009
454,Temecula Valley Bank,Temecula,CA,34341,First-Citizens Bank & Trust Company,2009-07-17,2009
455,Vineyard Bank,Rancho Cucamonga,CA,23556,California Bank & Trust,2009-07-17,2009
456,BankFirst,Sioux Falls,SD,34103,"Alerus Financial, N.A.",2009-07-17,2009
457,First Piedmont Bank,Winder,GA,34594,First American Bank and Trust Company,2009-07-17,2009
458,Bank of Wyoming,Thermopolis,WY,22754,Central Bank & Trust,2009-07-10,2009
459,Founders Bank,Worth,IL,18390,The PrivateBank and Trust Company,2009-07-02,2009
460,Millennium State Bank of Texas,Dallas,TX,57667,State Bank of Texas,2009-07-02,2009
461,First National Bank of Danville,Danville,IL,3644,"First Financial Bank, N.A.",2009-07-02,2009
462,The Elizabeth State Bank,Elizabeth,IL,9262,Galena State Bank and Trust Company,2009-07-02,2009
463,Rock River Bank,Oregon,IL,15302,The Harvard State Bank,2009-07-02,2009
464,First State Bank of Winchester,Winchester,IL,11710,The First National Bank of Beardstown,2009-07-02,2009
465,John Warner Bank,Clinton,IL,12093,State Bank of Lincoln,2009-07-02,2009
466,Mirae Bank,Los Angeles,CA,57332,Wilshire State Bank,2009-06-26,2009
467,MetroPacific Bank,Irvine,CA,57893,Sunwest Bank,2009-06-26,2009
468,Horizon Bank,Pine City,MN,9744,"Stearns Bank, N.A.",2009-06-26,2009
469,Neighborhood Community Bank,Newnan,GA,35285,CharterBank,2009-06-26,2009
470,Community Bank of West Georgia,Villa Rica,GA,57436,No Acquirer,2009-06-26,2009
471,First National Bank of Anthony,Anthony,KS,4614,Bank of Kansas,2009-06-19,2009
472,Cooperative Bank,Wilmington,NC,27837,First Bank,2009-06-19,2009
473,Southern Community Bank,Fayetteville,GA,35251,United Community Bank,2009-06-19,2009
474,Bank of Lincolnwood,Lincolnwood,IL,17309,Republic Bank of Chicago,2009-06-05,2009
475,Citizens National Bank,Macomb,IL,5757,Morton Community Bank,2009-05-22,2009
476,Strategic Capital Bank,Champaign,IL,35175,Midland States Bank,2009-05-22,2009
477,"BankUnited, FSB",Coral Gables,FL,32247,BankUnited,2009-05-21,2009
478,Westsound Bank,Bremerton,WA,34843,Kitsap Bank,2009-05-08,2009
479,America West Bank,Layton,UT,35461,Cache Valley Bank,2009-05-01,2009
480,Citizens Community Bank,Ridgewood,NJ,57563,North Jersey Community Bank,2009-05-01,2009
481,"Silverton Bank, NA",Atlanta,GA,26535,No Acquirer,2009-05-01,2009
482,First Bank of Idaho,Ketchum,ID,34396,"U.S. Bank, N.A.",2009-04-24,2009
483,First Bank of Beverly Hills,Calabasas,CA,32069,No Acquirer,2009-04-24,2009
484,Michigan Heritage Bank,Farmington Hills,MI,34369,Level One Bank,2009-04-24,2009
485,American Southern Bank,Kennesaw,GA,57943,Bank of North Georgia,2009-04-24,2009
486,Great Basin Bank of Nevada,Elko,NV,33824,Nevada State Bank,2009-04-17,2009
487,American Sterling Bank,Sugar Creek,MO,8266,Metcalf Bank,2009-04-17,2009
488,New Frontier Bank,Greeley,CO,34881,No Acquirer,2009-04-10,2009
489,Cape Fear Bank,Wilmington,NC,34639,First Federal Savings and Loan Association,2009-04-10,2009
490,Omni National Bank,Atlanta,GA,22238,No Acquirer,2009-03-27,2009
491,"TeamBank, NA",Paola,KS,4754,Great Southern Bank,2009-03-20,2009
492,Colorado National Bank,Colorado Springs,CO,18896,Herring Bank,2009-03-20,2009
493,FirstCity Bank,Stockbridge,GA,18243,No Acquirer,2009-03-20,2009
494,Freedom Bank of Georgia,Commerce,GA,57558,Northeast Georgia Bank,2009-03-06,2009
495,Security Savings Bank,Henderson,NV,34820,Bank of Nevada,2009-02-27,2009
496,Heritage Community Bank,Glenwood,IL,20078,"MB Financial Bank, N.A.",2009-02-27,2009
497,Silver Falls Bank,Silverton,OR,35399,Citizens Bank,2009-02-20,2009
498,Pinnacle Bank of Oregon,Beaverton,OR,57342,Washington Trust Bank of Spokane,2009-02-13,2009
499,Corn Belt Bank & Trust Co.,Pittsfield,IL,16500,The Carlinville National Bank,2009-02-13,2009
500,Riverside Bank of the Gulf Coast,Cape Coral,FL,34563,TIB Bank,2009-02-13,2009
501,Sherman County Bank,Loup City,NE,5431,Heritage Bank,2009-02-13,2009
502,County Bank,Merced,CA,22574,Westamerica Bank,2009-02-06,2009
503,Alliance Bank,Culver City,CA,23124,California Bank & Trust,2009-02-06,2009
504,FirstBank Financial Services,McDonough,GA,57017,Regions Bank,2009-02-06,2009
505,Ocala National Bank,Ocala,FL,26538,"CenterState Bank of Florida, N.A.",2009-01-30,2009
506,Suburban FSB,Crofton,MD,30763,Bank of Essex,2009-01-30,2009
507,MagnetBank,Salt Lake City,UT,58001,No Acquirer,2009-01-30,2009
508,1st Centennial Bank,Redlands,CA,33025,First California Bank,2009-01-23,2009
509,Bank of Clark County,Vancouver,WA,34959,Umpqua Bank,2009-01-16,2009
510,National Bank of Commerce,Berkeley,IL,19733,Republic Bank of Chicago,2009-01-16,2009
511,Sanderson State Bank  En Español,Sanderson,TX,11568,The Pecos County State Bank,2008-12-12,2008
512,Haven Trust Bank,Duluth,GA,35379,"Branch Banking & Trust Company, (BB&T)",2008-12-12,2008
513,First Georgia Community Bank,Jackson,GA,34301,United Bank,2008-12-05,2008
514,PFF Bank & Trust,Pomona,CA,28344,"U.S. Bank, N.A.",2008-11-21,2008
515,Downey Savings & Loan,Newport Beach,CA,30968,"U.S. Bank, N.A.",2008-11-21,2008
516,Community Bank,Loganville,GA,16490,Bank of Essex,2008-11-21,2008
517,Security Pacific Bank,Los Angeles,CA,23595,Pacific Western Bank,2008-11-07,2008
518,"Franklin Bank, SSB",Houston,TX,26870,Prosperity Bank,2008-11-07,2008
519,Freedom Bank,Bradenton,FL,57930,Fifth Third Bank,2008-10-31,2008
520,Alpha Bank & Trust,Alpharetta,GA,58241,"Stearns Bank, N.A.",2008-10-24,2008
521,Meridian Bank,Eldred,IL,13789,National Bank,2008-10-10,2008
522,Main Street Bank,Northville,MI,57654,Monroe Bank & Trust,2008-10-10,2008
523,Washington Mutual Bank  (Including its subsidiary Washington Mutual Bank FSB),Henderson,NV,32633,JP Morgan Chase Bank,2008-09-25,2008
524,Ameribank,Northfork,WV,6782,"The Citizens Savings Bank  Pioneer Community Bank, Inc.",2008-09-19,2008
525,Silver State Bank  En Español,Henderson,NV,34194,Nevada State Bank,2008-09-05,2008
526,Integrity Bank,Alpharetta,GA,35469,Regions Bank,2008-08-29,2008
527,Columbian Bank & Trust,Topeka,KS,22728,Citizens Bank & Trust,2008-08-22,2008
528,First Priority Bank,Bradenton,FL,57523,SunTrust Bank,2008-08-01,2008
529,"First Heritage Bank, NA",Newport Beach,CA,57961,Mutual of Omaha Bank,2008-07-25,2008
530,First National Bank of Nevada,Reno,NV,27011,Mutual of Omaha Bank,2008-07-25,2008
531,IndyMac Bank,Pasadena,CA,29730,"OneWest Bank, FSB",2008-07-11,2008
532,"First Integrity Bank, NA",Staples,MN,12736,First International Bank and Trust,2008-05-30,2008
533,"ANB Financial, NA",Bentonville,AR,33901,Pulaski Bank and Trust Company,2008-05-09,2008
534,Hume Bank,Hume,MO,1971,Security Bank,2008-03-07,2008
535,Douglass National Bank,Kansas City,MO,24660,Liberty Bank and Trust Company,2008-01-25,2008
536,Miami Valley Bank,Lakeview,OH,16848,The Citizens Banking Company,2007-10-04,2007
537,NetBank,Alpharetta,GA,32575,ING DIRECT,2007-09-28,2007
538,Metropolitan Savings Bank,Pittsburgh,PA,35353,Allegheny Valley Bank of Pittsburgh,2007-02-02,2007
539,Bank of Ephraim,Ephraim,UT,1249,Far West Bank,2004-06-25,2004
540,Reliance Bank,White Plains,NY,26778,Union State Bank,2004-03-19,2004
541,Guaranty National Bank of Tallahassee,Tallahassee,FL,26838,Hancock Bank of Florida,2004-03-12,2004
542,Dollar Savings Bank,Newark,NJ,31330,No Acquirer,2004-02-14,2004
543,Pulaski Savings Bank,Philadelphia,PA,27203,Earthstar Bank,2003-11-14,2003
544,First National Bank of Blanchardville,Blanchardville,WI,11639,The Park Bank,2003-05-09,2003
545,Southern Pacific Bank,Torrance,CA,27094,Beal Bank,2003-02-07,2003
546,Farmers Bank of Cheneyville,Cheneyville,LA,16445,Sabine State Bank & Trust,2002-12-17,2002
547,Bank of Alamo,Alamo,TN,9961,No Acquirer,2002-11-08,2002
548,AmTrade International Bank  En Español,Atlanta,GA,33784,No Acquirer,2002-09-30,2002
549,Universal Federal Savings Bank,Chicago,IL,29355,Chicago Community Bank,2002-06-27,2002
550,Connecticut Bank of Commerce,Stamford,CT,19183,Hudson United Bank,2002-06-26,2002
551,New Century Bank,Shelby Township,MI,34979,No Acquirer,2002-03-28,2002
552,Net 1st National Bank,Boca Raton,FL,26652,Bank Leumi USA,2002-03-01,2002
553,"NextBank, NA",Phoenix,AZ,22314,No Acquirer,2002-02-07,2002
554,Oakwood Deposit Bank Co.,Oakwood,OH,8966,The State Bank & Trust Company,2002-02-01,2002
555,Bank of Sierra Blanca,Sierra Blanca,TX,22002,The Security State Bank of Pecos,2002-01-18,2002
556,"Hamilton Bank, NA  En Español",Miami,FL,24382,Israel Discount Bank of New York,2002-01-11,2002
557,Sinclair National Bank,Gravette,AR,34248,Delta Trust & Bank,2001-09-07,2001
558,"Superior Bank, FSB",Hinsdale,IL,32646,"Superior Federal, FSB",2001-07-27,2001
559,Malta National Bank,Malta,OH,6629,North Valley Bank,2001-05-03,2001
560,First Alliance Bank & Trust Co.,Manchester,NH,34264,Southern New Hampshire Bank & Trust,2001-02-02,2001
561,National State Bank of Metropolis,Metropolis,IL,3815,Banterra Bank of Marion,2000-12-14,2000
562,Bank of Honolulu,Honolulu,HI,21029,Bank of the Orient,2000-10-13,2000
